﻿<MD_Metadata xmlns="http://www.isotc211.org/2005/gmd" xmlns:gco="http://www.isotc211.org/2005/gco" xmlns:gts="http://www.isotc211.org/2005/gts" xmlns:srv="http://www.isotc211.org/2005/srv" xmlns:gml="http://www.opengis.net/gml/3.2" xmlns:xlink="http://www.w3.org/1999/xlink" xmlns:xsi="http://www.w3.org/2001/XMLSchema-instance">
  <fileIdentifier>
    <gco:CharacterString>RBI25000PROVINSIBALI</gco:CharacterString>
  </fileIdentifier>
  <language>
    <LanguageCode codeList="http://www.loc.gov/standards/iso639-2/php/code_list.php" codeListValue="ind" codeSpace="ISO639-2">ind</LanguageCode>
  </language>
  <characterSet>
    <MD_CharacterSetCode codeList="http://www.isotc211.org/2005/resources/Codelist/gmxCodelists.xml#MD_CharacterSetCode" codeListValue="utf8" codeSpace="ISOTC211/19115">utf8</MD_CharacterSetCode>
  </characterSet>
  <parentIdentifier>
    <gco:CharacterString>RBI25000INDONESIA</gco:CharacterString>
  </parentIdentifier>
  <hierarchyLevel>
    <MD_ScopeCode codeList="http://www.isotc211.org/2005/resources/Codelist/gmxCodelists.xml#MD_ScopeCode" codeListValue="dataset" codeSpace="ISOTC211/19115">dataset</MD_ScopeCode>
  </hierarchyLevel>
  <hierarchyLevelName>
    <gco:CharacterString>dataset</gco:CharacterString>
  </hierarchyLevelName>
  <contact>
    <CI_ResponsibleParty>
      <individualName>
        <gco:CharacterString>Ir. Yosef Dwi Sigit Purnomo, M.Si</gco:CharacterString>
      </individualName>
      <organisationName>
        <gco:CharacterString>Badan Informasi Geospasial</gco:CharacterString>
      </organisationName>
      <positionName>
        <gco:CharacterString>Kepala Pusat Pemetaan Kelautan dan Lingkungan Pantai</gco:CharacterString>
      </positionName>
      <contactInfo>
        <CI_Contact>
          <phone>
            <CI_Telephone>
              <voice>
                <gco:CharacterString>(021) 87901254</gco:CharacterString>
              </voice>
              <facsimile>
                <gco:CharacterString>(021) 87901254</gco:CharacterString>
              </facsimile>
            </CI_Telephone>
          </phone>
          <address>
            <CI_Address>
              <deliveryPoint>
                <gco:CharacterString>Jl. Raya Bogor KM. 46, Cibinong</gco:CharacterString>
              </deliveryPoint>
              <city>
                <gco:CharacterString>Bogor</gco:CharacterString>
              </city>
              <administrativeArea>
                <gco:CharacterString>Jawa Barat</gco:CharacterString>
              </administrativeArea>
              <postalCode>
                <gco:CharacterString>16911</gco:CharacterString>
              </postalCode>
              <country>
                <Country codeList="http://www.iso.org/iso/country_codes/iso_3166_code_lists.htm" codeListValue="ID" codeSpace="ISO3166-1">ID</Country>
              </country>
              <electronicMailAddress>
                <gco:CharacterString>info@big.go.id</gco:CharacterString>
              </electronicMailAddress>
            </CI_Address>
          </address>
        </CI_Contact>
      </contactInfo>
      <role>
        <CI_RoleCode codeList="http://www.isotc211.org/2005/resources/Codelist/gmxCodelists.xml#CI_RoleCode" codeListValue="resourceProvider" codeSpace="ISOTC211/19115">resourceProvider</CI_RoleCode>
      </role>
    </CI_ResponsibleParty>
  </contact>
  <contact>
    <CI_ResponsibleParty>
      <individualName>
        <gco:CharacterString>Astrit Rimayanti, ST., M.Sc</gco:CharacterString>
      </individualName>
      <organisationName>
        <gco:CharacterString>Badan Informasi Geospasial</gco:CharacterString>
      </organisationName>
      <positionName>
        <gco:CharacterString>Kepala Pusat Pemetaan Batas Wilayah</gco:CharacterString>
      </positionName>
      <contactInfo>
        <CI_Contact>
          <phone>
            <CI_Telephone>
              <voice>
                <gco:CharacterString>(021) 87901254</gco:CharacterString>
              </voice>
              <facsimile>
                <gco:CharacterString>(021) 87901254</gco:CharacterString>
              </facsimile>
            </CI_Telephone>
          </phone>
          <address>
            <CI_Address>
              <deliveryPoint>
                <gco:CharacterString>Jl. Raya Bogor KM. 46, Cibinong</gco:CharacterString>
              </deliveryPoint>
              <city>
                <gco:CharacterString>Bogor</gco:CharacterString>
              </city>
              <administrativeArea>
                <gco:CharacterString>Jawa Barat</gco:CharacterString>
              </administrativeArea>
              <postalCode>
                <gco:CharacterString>16911</gco:CharacterString>
              </postalCode>
              <country>
                <Country codeList="http://www.iso.org/iso/country_codes/iso_3166_code_lists.htm" codeListValue="ID" codeSpace="ISO3166-1">ID</Country>
              </country>
              <electronicMailAddress>
                <gco:CharacterString>info@big.go.id</gco:CharacterString>
              </electronicMailAddress>
            </CI_Address>
          </address>
        </CI_Contact>
      </contactInfo>
      <role>
        <CI_RoleCode codeList="http://www.isotc211.org/2005/resources/Codelist/gmxCodelists.xml#CI_RoleCode" codeListValue="resourceProvider" codeSpace="ISOTC211/19115">resourceProvider</CI_RoleCode>
      </role>
    </CI_ResponsibleParty>
  </contact>
  <contact>
    <CI_ResponsibleParty>
      <individualName>
        <gco:CharacterString>Rachman Rifai, S.Si., M.Si., M.Sc</gco:CharacterString>
      </individualName>
      <organisationName>
        <gco:CharacterString>Badan Informasi Geospasial</gco:CharacterString>
      </organisationName>
      <positionName>
        <gco:CharacterString>Kepala Pusat Pengelolaan dan Penyebarluasan Informasi Geospasial</gco:CharacterString>
      </positionName>
      <contactInfo>
        <CI_Contact>
          <address>
            <CI_Address>
              <deliveryPoint>
                <gco:CharacterString>Jl. Raya Bogor KM. 46, Cibinong</gco:CharacterString>
              </deliveryPoint>
              <city>
                <gco:CharacterString>Bogor</gco:CharacterString>
              </city>
              <administrativeArea>
                <gco:CharacterString>Jawa Barat</gco:CharacterString>
              </administrativeArea>
              <postalCode>
                <gco:CharacterString>16911</gco:CharacterString>
              </postalCode>
              <country>
                <Country codeList="http://www.iso.org/iso/country_codes/iso_3166_code_lists.htm" codeListValue="ID" codeSpace="ISO3166-1">ID</Country>
              </country>
              <electronicMailAddress>
                <gco:CharacterString>info@big.go.id</gco:CharacterString>
              </electronicMailAddress>
            </CI_Address>
          </address>
        </CI_Contact>
      </contactInfo>
      <role>
        <CI_RoleCode codeList="http://www.isotc211.org/2005/resources/Codelist/gmxCodelists.xml#CI_RoleCode" codeListValue="custodian" codeSpace="ISOTC211/19115">custodian</CI_RoleCode>
      </role>
    </CI_ResponsibleParty>
  </contact>
  <contact>
    <CI_ResponsibleParty>
      <individualName>
        <gco:CharacterString>Dr. Ade Komara Mulyana</gco:CharacterString>
      </individualName>
      <organisationName>
        <gco:CharacterString>Badan Informasi Geospasial</gco:CharacterString>
      </organisationName>
      <positionName>
        <gco:CharacterString>Kepala Pusat Pemetaan Rupabumi dan Toponim</gco:CharacterString>
      </positionName>
      <contactInfo>
        <CI_Contact>
          <phone>
            <CI_Telephone>
              <voice>
                <gco:CharacterString>(021) 87901254</gco:CharacterString>
              </voice>
              <facsimile>
                <gco:CharacterString>(021) 87901254</gco:CharacterString>
              </facsimile>
            </CI_Telephone>
          </phone>
          <address>
            <CI_Address>
              <deliveryPoint>
                <gco:CharacterString>Jl. Raya Bogor KM. 46, Cibinong</gco:CharacterString>
              </deliveryPoint>
              <city>
                <gco:CharacterString>Bogor</gco:CharacterString>
              </city>
              <administrativeArea>
                <gco:CharacterString>Jawa Barat</gco:CharacterString>
              </administrativeArea>
              <postalCode>
                <gco:CharacterString>16911</gco:CharacterString>
              </postalCode>
              <country>
                <Country codeList="http://www.iso.org/iso/country_codes/iso_3166_code_lists.htm" codeListValue="ID" codeSpace="ISO3166-1">ID</Country>
              </country>
              <electronicMailAddress>
                <gco:CharacterString>info@big.go.id</gco:CharacterString>
              </electronicMailAddress>
            </CI_Address>
          </address>
        </CI_Contact>
      </contactInfo>
      <role>
        <CI_RoleCode codeList="http://www.isotc211.org/2005/resources/Codelist/gmxCodelists.xml#CI_RoleCode" codeListValue="owner" codeSpace="ISOTC211/19115">owner</CI_RoleCode>
      </role>
    </CI_ResponsibleParty>
  </contact>
  <dateStamp>
    <gco:Date>2022-12-31</gco:Date>
  </dateStamp>
  <metadataStandardName>
    <gco:CharacterString>ISO 19139 Geographic Information - Metadata - Implementation Specification</gco:CharacterString>
  </metadataStandardName>
  <metadataStandardVersion>
    <gco:CharacterString>2007</gco:CharacterString>
  </metadataStandardVersion>
  <locale>
    <PT_Locale>
      <languageCode>
        <LanguageCode codeList="http://www.loc.gov/standards/iso639-2/php/code_list.php" codeListValue="ind" codeSpace="ISO639-2">ind</LanguageCode>
      </languageCode>
      <country>
        <Country codeList="http://www.iso.org/iso/country_codes/iso_3166_code_lists.htm" codeListValue="ID" codeSpace="ISO3166-1">ID</Country>
      </country>
      <characterEncoding>
        <MD_CharacterSetCode codeList="http://www.isotc211.org/2005/resources/Codelist/gmxCodelists.xml#MD_CharacterSetCode" codeListValue="utf8" codeSpace="ISOTC211/19115">utf8</MD_CharacterSetCode>
      </characterEncoding>
    </PT_Locale>
  </locale>
  <spatialRepresentationInfo>
    <MD_VectorSpatialRepresentation>
      <topologyLevel>
        <MD_TopologyLevelCode codeList="http://www.isotc211.org/2005/resources/Codelist/gmxCodelists.xml#MD_TopologyLevelCode" codeListValue="geometryOnly" codeSpace="ISOTC211/19115">geometryOnly</MD_TopologyLevelCode>
      </topologyLevel>
      <geometricObjects>
        <MD_GeometricObjects>
          <geometricObjectType>
            <MD_GeometricObjectTypeCode codeList="http://www.isotc211.org/2005/resources/Codelist/gmxCodelists.xml#MD_GeometricObjectTypeCode" codeListValue="composite" codeSpace="ISOTC211/19115">composite</MD_GeometricObjectTypeCode>
          </geometricObjectType>
          <geometricObjectCount>
            <gco:Integer>199624</gco:Integer>
          </geometricObjectCount>
        </MD_GeometricObjects>
      </geometricObjects>
    </MD_VectorSpatialRepresentation>
  </spatialRepresentationInfo>
  <referenceSystemInfo>
    <MD_ReferenceSystem>
      <referenceSystemIdentifier>
        <RS_Identifier>
          <code>
            <gco:CharacterString>EGM2008</gco:CharacterString>
          </code>
          <codeSpace>
            <gco:CharacterString>EPSG</gco:CharacterString>
          </codeSpace>
          <version>
            <gco:CharacterString>3855</gco:CharacterString>
          </version>
        </RS_Identifier>
      </referenceSystemIdentifier>
    </MD_ReferenceSystem>
  </referenceSystemInfo>
  <referenceSystemInfo>
    <MD_ReferenceSystem>
      <referenceSystemIdentifier>
        <RS_Identifier>
          <code>
            <gco:CharacterString>SRGI2013 / WGS 1984</gco:CharacterString>
          </code>
          <codeSpace>
            <gco:CharacterString>EPSG</gco:CharacterString>
          </codeSpace>
          <version>
            <gco:CharacterString>4326</gco:CharacterString>
          </version>
        </RS_Identifier>
      </referenceSystemIdentifier>
    </MD_ReferenceSystem>
  </referenceSystemInfo>
  <identificationInfo>
    <MD_DataIdentification>
      <citation>
        <CI_Citation>
          <title>
            <gco:CharacterString>Peta Rupabumi Indonesia Skala 1:25.000 Provinsi Bali</gco:CharacterString>
          </title>
          <alternateTitle>
            <gco:CharacterString>RBI25K Provinsi Bali</gco:CharacterString>
          </alternateTitle>
          <date>
            <CI_Date>
              <date>
                <gco:Date>2022-12-31</gco:Date>
              </date>
              <dateType>
                <CI_DateTypeCode codeList="http://www.isotc211.org/2005/resources/Codelist/gmxCodelists.xml#CI_DateTypeCode" codeListValue="creation" codeSpace="ISOTC211/19115">creation</CI_DateTypeCode>
              </dateType>
            </CI_Date>
          </date>
          <citedResponsibleParty>
            <CI_ResponsibleParty>
              <individualName>
                <gco:CharacterString>Dr. Ade Komara Mulyana</gco:CharacterString>
              </individualName>
              <organisationName>
                <gco:CharacterString>Badan Informasi Geospasial</gco:CharacterString>
              </organisationName>
              <positionName>
                <gco:CharacterString>Kepala Pusat Pemetaan Rupabumi dan Toponim</gco:CharacterString>
              </positionName>
              <contactInfo>
                <CI_Contact>
                  <phone>
                    <CI_Telephone>
                      <voice>
                        <gco:CharacterString>(021) 87901254</gco:CharacterString>
                      </voice>
                      <facsimile>
                        <gco:CharacterString>(021) 87901254</gco:CharacterString>
                      </facsimile>
                    </CI_Telephone>
                  </phone>
                  <address>
                    <CI_Address>
                      <deliveryPoint>
                        <gco:CharacterString>Jl. Raya Bogor KM. 46, Cibinong</gco:CharacterString>
                      </deliveryPoint>
                      <city>
                        <gco:CharacterString>Bogor</gco:CharacterString>
                      </city>
                      <administrativeArea>
                        <gco:CharacterString>Jawa Barat</gco:CharacterString>
                      </administrativeArea>
                      <postalCode>
                        <gco:CharacterString>16911</gco:CharacterString>
                      </postalCode>
                      <country>
                        <Country codeList="http://www.iso.org/iso/country_codes/iso_3166_code_lists.htm" codeListValue="ID" codeSpace="ISO3166-1">ID</Country>
                      </country>
                      <electronicMailAddress>
                        <gco:CharacterString>info@big.go.id</gco:CharacterString>
                      </electronicMailAddress>
                    </CI_Address>
                  </address>
                </CI_Contact>
              </contactInfo>
              <role>
                <CI_RoleCode codeList="http://www.isotc211.org/2005/resources/Codelist/gmxCodelists.xml#CI_RoleCode" codeListValue="owner" codeSpace="ISOTC211/19115">owner</CI_RoleCode>
              </role>
            </CI_ResponsibleParty>
          </citedResponsibleParty>
          <citedResponsibleParty>
            <CI_ResponsibleParty>
              <individualName>
                <gco:CharacterString>Rachman Rifai, S.Si., M.Si., M.Sc</gco:CharacterString>
              </individualName>
              <organisationName>
                <gco:CharacterString>Badan Informasi Geospasial</gco:CharacterString>
              </organisationName>
              <positionName>
                <gco:CharacterString>Kepala Pusat Pengelolaan dan Penyebarluasan Informasi Geospasial</gco:CharacterString>
              </positionName>
              <contactInfo>
                <CI_Contact>
                  <phone>
                    <CI_Telephone>
                      <voice>
                        <gco:CharacterString>(021) 8753407</gco:CharacterString>
                      </voice>
                      <facsimile>
                        <gco:CharacterString>(021) 8753366</gco:CharacterString>
                      </facsimile>
                    </CI_Telephone>
                  </phone>
                  <address>
                    <CI_Address>
                      <deliveryPoint>
                        <gco:CharacterString>Jl. Raya Bogor KM. 46, Cibinong</gco:CharacterString>
                      </deliveryPoint>
                      <city>
                        <gco:CharacterString>Bogor</gco:CharacterString>
                      </city>
                      <administrativeArea>
                        <gco:CharacterString>Jawa Barat</gco:CharacterString>
                      </administrativeArea>
                      <postalCode>
                        <gco:CharacterString>16911</gco:CharacterString>
                      </postalCode>
                      <country>
                        <Country codeList="http://www.iso.org/iso/country_codes/iso_3166_code_lists.htm" codeListValue="ID" codeSpace="ISO3166-1">ID</Country>
                      </country>
                      <electronicMailAddress>
                        <gco:CharacterString>info@big.go.id</gco:CharacterString>
                      </electronicMailAddress>
                    </CI_Address>
                  </address>
                </CI_Contact>
              </contactInfo>
              <role>
                <CI_RoleCode codeList="http://www.isotc211.org/2005/resources/Codelist/gmxCodelists.xml#CI_RoleCode" codeListValue="custodian" codeSpace="ISOTC211/19115">custodian</CI_RoleCode>
              </role>
            </CI_ResponsibleParty>
          </citedResponsibleParty>
          <citedResponsibleParty>
            <CI_ResponsibleParty>
              <individualName>
                <gco:CharacterString>Ir. Yosef Dwi Sigit Purnomo, M.Si</gco:CharacterString>
              </individualName>
              <organisationName>
                <gco:CharacterString>Badan Informasi Geospasial</gco:CharacterString>
              </organisationName>
              <positionName>
                <gco:CharacterString>Kepala Pusat Pemetaan Kelautan dan Lingkungan Pantai</gco:CharacterString>
              </positionName>
              <contactInfo>
                <CI_Contact>
                  <phone>
                    <CI_Telephone>
                      <voice>
                        <gco:CharacterString>(021) 87901254</gco:CharacterString>
                      </voice>
                      <facsimile>
                        <gco:CharacterString>(021) 87901254</gco:CharacterString>
                      </facsimile>
                    </CI_Telephone>
                  </phone>
                  <address>
                    <CI_Address>
                      <deliveryPoint>
                        <gco:CharacterString>Jl. Raya Bogor KM. 46, Cibinong</gco:CharacterString>
                      </deliveryPoint>
                      <city>
                        <gco:CharacterString>Bogor</gco:CharacterString>
                      </city>
                      <administrativeArea>
                        <gco:CharacterString>Jawa Barat</gco:CharacterString>
                      </administrativeArea>
                      <postalCode>
                        <gco:CharacterString>16911</gco:CharacterString>
                      </postalCode>
                      <country>
                        <Country codeList="http://www.iso.org/iso/country_codes/iso_3166_code_lists.htm" codeListValue="ID" codeSpace="ISO3166-1">ID</Country>
                      </country>
                      <electronicMailAddress>
                        <gco:CharacterString>info@big.go.id</gco:CharacterString>
                      </electronicMailAddress>
                    </CI_Address>
                  </address>
                </CI_Contact>
              </contactInfo>
              <role>
                <CI_RoleCode codeList="http://www.isotc211.org/2005/resources/Codelist/gmxCodelists.xml#CI_RoleCode" codeListValue="resourceProvider" codeSpace="ISOTC211/19115">resourceProvider</CI_RoleCode>
              </role>
            </CI_ResponsibleParty>
          </citedResponsibleParty>
          <citedResponsibleParty>
            <CI_ResponsibleParty>
              <individualName>
                <gco:CharacterString>Astrit Rimayanti, ST., M.Sc</gco:CharacterString>
              </individualName>
              <organisationName>
                <gco:CharacterString>Badan Informasi Geospasial</gco:CharacterString>
              </organisationName>
              <positionName>
                <gco:CharacterString>Kepala Pusat Pemetaan Batas Wilayah</gco:CharacterString>
              </positionName>
              <contactInfo>
                <CI_Contact>
                  <phone>
                    <CI_Telephone>
                      <voice>
                        <gco:CharacterString>(021) 87901254</gco:CharacterString>
                      </voice>
                      <facsimile>
                        <gco:CharacterString>(021) 87901254</gco:CharacterString>
                      </facsimile>
                    </CI_Telephone>
                  </phone>
                  <address>
                    <CI_Address>
                      <deliveryPoint>
                        <gco:CharacterString>Jl. Raya Bogor KM. 46, Cibinong</gco:CharacterString>
                      </deliveryPoint>
                      <city>
                        <gco:CharacterString>Bogor</gco:CharacterString>
                      </city>
                      <administrativeArea>
                        <gco:CharacterString>Jawa Barat</gco:CharacterString>
                      </administrativeArea>
                      <postalCode>
                        <gco:CharacterString>16911</gco:CharacterString>
                      </postalCode>
                      <country>
                        <Country codeList="http://www.iso.org/iso/country_codes/iso_3166_code_lists.htm" codeListValue="ID" codeSpace="ISO3166-1">ID</Country>
                      </country>
                      <electronicMailAddress>
                        <gco:CharacterString>info@big.go.id</gco:CharacterString>
                      </electronicMailAddress>
                    </CI_Address>
                  </address>
                </CI_Contact>
              </contactInfo>
              <role>
                <CI_RoleCode codeList="http://www.isotc211.org/2005/resources/Codelist/gmxCodelists.xml#CI_RoleCode" codeListValue="resourceProvider" codeSpace="ISOTC211/19115">resourceProvider</CI_RoleCode>
              </role>
            </CI_ResponsibleParty>
          </citedResponsibleParty>
          <presentationForm>
            <CI_PresentationFormCode codeList="http://www.isotc211.org/2005/resources/Codelist/gmxCodelists.xml#CI_PresentationFormCode" codeListValue="mapDigital" codeSpace="ISOTC211/19115">mapDigital</CI_PresentationFormCode>
          </presentationForm>
          <collectiveTitle>
            <gco:CharacterString>RBI25K</gco:CharacterString>
          </collectiveTitle>
        </CI_Citation>
      </citation>
      <abstract>
        <gco:CharacterString>1. Peta Rupabumi Indonesia Skala 1:25.000 Provinsi Bali merupakan peta dasar skala 1:25.000 yang dibuat oleh Pusat Pemetaan Rupabumi dan Toponim, Badan Informasi Geospasial melalui kegiatan swakelola pada tahun 2022.2. Tahapan pekerjaan yang dilaksanakan adalah tahapan koordinasi, perizinan dan survei pendahuluan, rektifikasi dan uji akurasi data geospasial dasar, updating dan digitasi, integrasi dan penyelarasan data, kontrol kualitas dan uji akurasi unsur rupabumi, dan monitoring.3. Sumber data yang digunakan adalah mosaik citra SPOT 6/7 terektifikasi tahun akuisisi 2018, 2019 dan 2020. Data vektor RBI KSP skala 1 : 25.000 untuk Provinsi Bali. Data hasil fasilitasi pembinaan dari kedeputian IGT. Data RTRW dan RDTR hasil kompilasi oleh Pemerintah Daerah. Data nama rupabumi hasil kompilasi pada Pokja Toponim dan VIGP.4. Data Batas Wilayah yang digunakan dalam Peta Rupabumi Indonesia ini merupakan data yang diperoleh dari Pusat Pemetaan Batas Wilayah, Badan Informasi Geospasial.5. Data Garis Pantai yang digunakan dalam Peta Rupabumi Indonesia ini merupakan data yang diperoleh dari Pusat Pemetaan Kelautan dan Lingkungan Pantai, Badan Informasi Geospasial.</gco:CharacterString>
      </abstract>
      <purpose>
        <gco:CharacterString>Pekerjaan Pemutakhiran Unsur Peta Rupabumi Indonesia Skala 1:25.000 Provinsi Bali merupakan kegiatan updating Peta Rupabumi Skala Menengah untuk mendukung implementasi program PPKSP tahun 2021 dalam hal penyediaan IGD/peta dasar termutakhir di seluruh wilayah darat Indonesia sesuai amanat Peraturan Presiden Nomor 23 Tahun 2021. Data masukan utama yang digunakan adalah data vektor RBI KSP skala 1 : 25.000 untuk Provinsi Bali, mosaik citra SPOT 6/7 (tahun akuisisi 2018, 2019 dan 2020), data hasil fasilitasi pembinaan dari kedeputian IGT, data RTRW dan RDTR hasil kompilasi oleh Pemerintah Daerah, data nama rupabumi hasil kompilasi pada Pokja Toponim dan VIGP, data batas wilayah serta garis pantai terbaru. Peta Rupabumi ini memiliki kualitas geometri sebesar 14,143 m dan kualitas tematik sebesar 85,2%</gco:CharacterString>
      </purpose>
      <credit>
        <gco:CharacterString>Badan Informasi Geospasial</gco:CharacterString>
      </credit>
      <status>
        <MD_ProgressCode codeList="http://www.isotc211.org/2005/resources/Codelist/gmxCodelists.xml#MD_ProgressCode" codeListValue="completed" codeSpace="ISOTC211/19115">completed</MD_ProgressCode>
      </status>
      <pointOfContact>
        <CI_ResponsibleParty>
          <individualName>
            <gco:CharacterString>Astrit Rimayanti, ST., M.Sc</gco:CharacterString>
          </individualName>
          <organisationName>
            <gco:CharacterString>Badan Informasi Geospasial</gco:CharacterString>
          </organisationName>
          <positionName>
            <gco:CharacterString>Kepala Pusat Pemetaan Batas Wilayah</gco:CharacterString>
          </positionName>
          <contactInfo>
            <CI_Contact>
              <phone>
                <CI_Telephone>
                  <voice>
                    <gco:CharacterString>(021) 87901254</gco:CharacterString>
                  </voice>
                  <facsimile>
                    <gco:CharacterString>(021) 87901254</gco:CharacterString>
                  </facsimile>
                </CI_Telephone>
              </phone>
              <address>
                <CI_Address>
                  <deliveryPoint>
                    <gco:CharacterString>Jl. Raya Bogor KM. 46, Cibinong</gco:CharacterString>
                  </deliveryPoint>
                  <city>
                    <gco:CharacterString>Bogor</gco:CharacterString>
                  </city>
                  <administrativeArea>
                    <gco:CharacterString>Jawa Barat</gco:CharacterString>
                  </administrativeArea>
                  <postalCode>
                    <gco:CharacterString>16911</gco:CharacterString>
                  </postalCode>
                  <country>
                    <Country codeList="http://www.iso.org/iso/country_codes/iso_3166_code_lists.htm" codeListValue="ID" codeSpace="ISO3166-1">ID</Country>
                  </country>
                  <electronicMailAddress>
                    <gco:CharacterString>info@big.go.id</gco:CharacterString>
                  </electronicMailAddress>
                </CI_Address>
              </address>
            </CI_Contact>
          </contactInfo>
          <role>
            <CI_RoleCode codeList="http://www.isotc211.org/2005/resources/Codelist/gmxCodelists.xml#CI_RoleCode" codeListValue="resourceProvider" codeSpace="ISOTC211/19115">resourceProvider</CI_RoleCode>
          </role>
        </CI_ResponsibleParty>
      </pointOfContact>
      <pointOfContact>
        <CI_ResponsibleParty>
          <individualName>
            <gco:CharacterString>Ade Komara Mulyana</gco:CharacterString>
          </individualName>
          <organisationName>
            <gco:CharacterString>Badan Informasi Geospasial</gco:CharacterString>
          </organisationName>
          <positionName>
            <gco:CharacterString>Kepala Pusat Pemetaan Rupabumi dan Toponim</gco:CharacterString>
          </positionName>
          <contactInfo>
            <CI_Contact>
              <phone>
                <CI_Telephone>
                  <voice>
                    <gco:CharacterString>(021) 87901254</gco:CharacterString>
                  </voice>
                  <facsimile>
                    <gco:CharacterString>(021) 87901254</gco:CharacterString>
                  </facsimile>
                </CI_Telephone>
              </phone>
              <address>
                <CI_Address>
                  <deliveryPoint>
                    <gco:CharacterString>Jl. Raya Bogor KM. 46, Cibinong</gco:CharacterString>
                  </deliveryPoint>
                  <city>
                    <gco:CharacterString>Bogor</gco:CharacterString>
                  </city>
                  <administrativeArea>
                    <gco:CharacterString>Jawa Barat</gco:CharacterString>
                  </administrativeArea>
                  <postalCode>
                    <gco:CharacterString>16911</gco:CharacterString>
                  </postalCode>
                  <country>
                    <Country codeList="http://www.iso.org/iso/country_codes/iso_3166_code_lists.htm" codeListValue="ID" codeSpace="ISO3166-1">ID</Country>
                  </country>
                  <electronicMailAddress>
                    <gco:CharacterString>info@big.go.id</gco:CharacterString>
                  </electronicMailAddress>
                </CI_Address>
              </address>
            </CI_Contact>
          </contactInfo>
          <role>
            <CI_RoleCode codeList="http://www.isotc211.org/2005/resources/Codelist/gmxCodelists.xml#CI_RoleCode" codeListValue="owner" codeSpace="ISOTC211/19115">owner</CI_RoleCode>
          </role>
        </CI_ResponsibleParty>
      </pointOfContact>
      <pointOfContact>
        <CI_ResponsibleParty>
          <individualName>
            <gco:CharacterString>Rachman Rifai, S.Si., M.Si., M.Sc</gco:CharacterString>
          </individualName>
          <organisationName>
            <gco:CharacterString>Badan Informasi Geospasial</gco:CharacterString>
          </organisationName>
          <positionName>
            <gco:CharacterString>Kepala Pusat Pengelolaan dan Penyebarluasan Informasi Geospasial</gco:CharacterString>
          </positionName>
          <contactInfo>
            <CI_Contact>
              <phone>
                <CI_Telephone>
                  <voice>
                    <gco:CharacterString>(021) 8753407</gco:CharacterString>
                  </voice>
                  <facsimile>
                    <gco:CharacterString>(021) 8753366</gco:CharacterString>
                  </facsimile>
                </CI_Telephone>
              </phone>
              <address>
                <CI_Address>
                  <deliveryPoint>
                    <gco:CharacterString>Jl. Raya Bogor KM. 46, Cibinong</gco:CharacterString>
                  </deliveryPoint>
                  <city>
                    <gco:CharacterString>Bogor</gco:CharacterString>
                  </city>
                  <administrativeArea>
                    <gco:CharacterString>Jawa Barat</gco:CharacterString>
                  </administrativeArea>
                  <postalCode>
                    <gco:CharacterString>16911</gco:CharacterString>
                  </postalCode>
                  <country>
                    <Country codeList="http://www.iso.org/iso/country_codes/iso_3166_code_lists.htm" codeListValue="ID" codeSpace="ISO3166-1">ID</Country>
                  </country>
                  <electronicMailAddress>
                    <gco:CharacterString>info@big.go.id</gco:CharacterString>
                  </electronicMailAddress>
                </CI_Address>
              </address>
            </CI_Contact>
          </contactInfo>
          <role>
            <CI_RoleCode codeList="http://www.isotc211.org/2005/resources/Codelist/gmxCodelists.xml#CI_RoleCode" codeListValue="custodian" codeSpace="ISOTC211/19115">custodian</CI_RoleCode>
          </role>
        </CI_ResponsibleParty>
      </pointOfContact>
      <pointOfContact>
        <CI_ResponsibleParty>
          <individualName>
            <gco:CharacterString>Ir. Yosef Dwi Sigit Purnomo, M.Si</gco:CharacterString>
          </individualName>
          <organisationName>
            <gco:CharacterString>Badan Informasi Geospasial</gco:CharacterString>
          </organisationName>
          <positionName>
            <gco:CharacterString>Kepala Pusat Pemetaan Kelautan dan Lingkungan Pantai</gco:CharacterString>
          </positionName>
          <contactInfo>
            <CI_Contact>
              <phone>
                <CI_Telephone>
                  <voice>
                    <gco:CharacterString>(021) 87901254</gco:CharacterString>
                  </voice>
                  <facsimile>
                    <gco:CharacterString>(021) 87901254</gco:CharacterString>
                  </facsimile>
                </CI_Telephone>
              </phone>
              <address>
                <CI_Address>
                  <deliveryPoint>
                    <gco:CharacterString>Jl. Raya Bogor KM. 46, Cibinong</gco:CharacterString>
                  </deliveryPoint>
                  <city>
                    <gco:CharacterString>Bogor</gco:CharacterString>
                  </city>
                  <administrativeArea>
                    <gco:CharacterString>Jawa Barat</gco:CharacterString>
                  </administrativeArea>
                  <postalCode>
                    <gco:CharacterString>16911</gco:CharacterString>
                  </postalCode>
                  <country>
                    <Country codeList="http://www.iso.org/iso/country_codes/iso_3166_code_lists.htm" codeListValue="ID" codeSpace="ISO3166-1">ID</Country>
                  </country>
                  <electronicMailAddress>
                    <gco:CharacterString>info@big.go.id</gco:CharacterString>
                  </electronicMailAddress>
                </CI_Address>
              </address>
            </CI_Contact>
          </contactInfo>
          <role>
            <CI_RoleCode codeList="http://www.isotc211.org/2005/resources/Codelist/gmxCodelists.xml#CI_RoleCode" codeListValue="resourceProvider" codeSpace="ISOTC211/19115">resourceProvider</CI_RoleCode>
          </role>
        </CI_ResponsibleParty>
      </pointOfContact>
      <resourceMaintenance>
        <MD_MaintenanceInformation>
          <maintenanceAndUpdateFrequency>
            <MD_MaintenanceFrequencyCode codeList="http://www.isotc211.org/2005/resources/Codelist/gmxCodelists.xml#MD_MaintenanceFrequencyCode" codeListValue="asNeeded" codeSpace="ISOTC211/19115">asNeeded</MD_MaintenanceFrequencyCode>
          </maintenanceAndUpdateFrequency>
        </MD_MaintenanceInformation>
      </resourceMaintenance>
      <descriptiveKeywords>
        <MD_Keywords>
          <keyword>
            <gco:CharacterString>2017, 2022</gco:CharacterString>
          </keyword>
          <type>
            <MD_KeywordTypeCode codeList="http://www.isotc211.org/2005/resources/Codelist/gmxCodelists.xml#MD_KeywordTypeCode" codeListValue="temporal" codeSpace="ISOTC211/19115">temporal</MD_KeywordTypeCode>
          </type>
        </MD_Keywords>
      </descriptiveKeywords>
      <descriptiveKeywords>
        <MD_Keywords>
          <keyword>
            <gco:CharacterString>Hidrografi</gco:CharacterString>
          </keyword>
          <keyword>
            <gco:CharacterString>Transportasi dan Utilitas</gco:CharacterString>
          </keyword>
          <keyword>
            <gco:CharacterString>Penutup Lahan</gco:CharacterString>
          </keyword>
          <keyword>
            <gco:CharacterString>Bangunan dan Fasilitas Umum</gco:CharacterString>
          </keyword>
          <keyword>
            <gco:CharacterString>Hipsografi</gco:CharacterString>
          </keyword>
          <type>
            <MD_KeywordTypeCode codeList="http://www.isotc211.org/2005/resources/Codelist/gmxCodelists.xml#MD_KeywordTypeCode" codeListValue="theme" codeSpace="ISOTC211/19115">theme</MD_KeywordTypeCode>
          </type>
        </MD_Keywords>
      </descriptiveKeywords>
      <descriptiveKeywords>
        <MD_Keywords>
          <keyword>
            <gco:CharacterString>Provinsi Bali</gco:CharacterString>
          </keyword>
          <type>
            <MD_KeywordTypeCode codeList="http://www.isotc211.org/2005/resources/Codelist/gmxCodelists.xml#MD_KeywordTypeCode" codeListValue="theme" codeSpace="ISOTC211/19115">theme</MD_KeywordTypeCode>
          </type>
        </MD_Keywords>
      </descriptiveKeywords>
      <resourceConstraints>
        <MD_Constraints>
          <useLimitation>
            <gco:CharacterString>1. Peta Rupabumi Indonesia skala 1:25.000 Provinsi Bali tidak dapat digunakan sebagai acuan untuk pengambilan informasi unsur rupabumi di skala yang lebih besar. 2. Data Toponim yang terlampir dalam Peta Rupabumi Indonesia ini merupakan data toponim yang belum melalui proses Pembakuan Nama Rupabumi. 3. Informasi yang terdapat pada Peta Rupabumi Indonesia ini belum dilakukan penjaminan kualitas</gco:CharacterString>
          </useLimitation>
        </MD_Constraints>
      </resourceConstraints>
      <spatialRepresentationType>
        <MD_SpatialRepresentationTypeCode codeList="http://www.isotc211.org/2005/resources/Codelist/gmxCodelists.xml#MD_SpatialRepresentationTypeCode" codeListValue="vector" codeSpace="ISOTC211/19115">vector</MD_SpatialRepresentationTypeCode>
      </spatialRepresentationType>
      <spatialResolution>
        <MD_Resolution>
          <equivalentScale>
            <MD_RepresentativeFraction>
              <denominator>
                <gco:Integer>25000</gco:Integer>
              </denominator>
            </MD_RepresentativeFraction>
          </equivalentScale>
        </MD_Resolution>
      </spatialResolution>
      <language>
        <LanguageCode codeList="http://www.loc.gov/standards/iso639-2/php/code_list.php" codeListValue="ind" codeSpace="ISO639-2">ind</LanguageCode>
      </language>
      <characterSet>
        <MD_CharacterSetCode codeList="http://www.isotc211.org/2005/resources/Codelist/gmxCodelists.xml#MD_CharacterSetCode" codeListValue="utf8" codeSpace="ISOTC211/19115">utf8</MD_CharacterSetCode>
      </characterSet>
      <topicCategory>
        <MD_TopicCategoryCode>elevation</MD_TopicCategoryCode>
      </topicCategory>
      <topicCategory>
        <MD_TopicCategoryCode>location</MD_TopicCategoryCode>
      </topicCategory>
      <topicCategory>
        <MD_TopicCategoryCode>utilitiesCommunication</MD_TopicCategoryCode>
      </topicCategory>
      <topicCategory>
        <MD_TopicCategoryCode>transportation</MD_TopicCategoryCode>
      </topicCategory>
      <topicCategory>
        <MD_TopicCategoryCode>inlandWaters</MD_TopicCategoryCode>
      </topicCategory>
      <topicCategory>
        <MD_TopicCategoryCode>imageryBaseMapsEarthCover</MD_TopicCategoryCode>
      </topicCategory>
      <topicCategory>
        <MD_TopicCategoryCode>boundaries</MD_TopicCategoryCode>
      </topicCategory>
      <extent>
        <EX_Extent>
          <geographicElement>
            <EX_GeographicBoundingBox>
              <extentTypeCode>
                <gco:Boolean>false</gco:Boolean>
              </extentTypeCode>
              <westBoundLongitude>
                <gco:Decimal>106.390543</gco:Decimal>
              </westBoundLongitude>
              <eastBoundLongitude>
                <gco:Decimal>106.973391</gco:Decimal>
              </eastBoundLongitude>
              <southBoundLatitude>
                <gco:Decimal>-6.372626</gco:Decimal>
              </southBoundLatitude>
              <northBoundLatitude>
                <gco:Decimal>-5.202419</gco:Decimal>
              </northBoundLatitude>
            </EX_GeographicBoundingBox>
          </geographicElement>
          <verticalElement>
            <EX_VerticalExtent>
              <minimumValue>
                <gco:Real>0</gco:Real>
              </minimumValue>
              <maximumValue>
                <gco:Real>1115</gco:Real>
              </maximumValue>
              <verticalCRS gco:nilReason="other:see_referenceSystemInfo" />
            </EX_VerticalExtent>
          </verticalElement>
        </EX_Extent>
      </extent>
    </MD_DataIdentification>
  </identificationInfo>
  <contentInfo>
    <MD_FeatureCatalogueDescription>
      <complianceCode>
        <gco:Boolean>true</gco:Boolean>
      </complianceCode>
      <language>
        <LanguageCode codeList="http://www.loc.gov/standards/iso639-2/php/code_list.php" codeListValue="ind" codeSpace="ISO639-2">ind</LanguageCode>
      </language>
      <includedWithDataset>
        <gco:Boolean>true</gco:Boolean>
      </includedWithDataset>
      <featureCatalogueCitation>
        <CI_Citation>
          <title>
            <gco:CharacterString>Katalog Unsur Geografi Indonesia</gco:CharacterString>
          </title>
          <alternateTitle>
            <gco:CharacterString>KUGI</gco:CharacterString>
          </alternateTitle>
          <date>
            <CI_Date>
              <date>
                <gco:Date>2022-12-31</gco:Date>
              </date>
              <dateType>
                <CI_DateTypeCode codeList="http://www.isotc211.org/2005/resources/Codelist/gmxCodelists.xml#CI_DateTypeCode" codeListValue="publication" codeSpace="ISOTC211/19115">publication</CI_DateTypeCode>
              </dateType>
            </CI_Date>
          </date>
          <edition>
            <gco:CharacterString>Versi 5</gco:CharacterString>
          </edition>
          <citedResponsibleParty>
            <CI_ResponsibleParty>
              <individualName>
                <gco:CharacterString>Rachman Rifai, S.Si., M.Si., M.Sc</gco:CharacterString>
              </individualName>
              <organisationName>
                <gco:CharacterString>Badan Informasi Geospasial</gco:CharacterString>
              </organisationName>
              <positionName>
                <gco:CharacterString>Kepala Pusat Pengelolaan dan Penyebarluasan Informasi Geospasial</gco:CharacterString>
              </positionName>
              <contactInfo>
                <CI_Contact>
                  <phone>
                    <CI_Telephone>
                      <voice>
                        <gco:CharacterString>(021) 8753407</gco:CharacterString>
                      </voice>
                      <facsimile>
                        <gco:CharacterString>(021) 8753366</gco:CharacterString>
                      </facsimile>
                    </CI_Telephone>
                  </phone>
                  <address>
                    <CI_Address>
                      <deliveryPoint>
                        <gco:CharacterString>Jl. Raya Bogor KM. 46, Cibinong</gco:CharacterString>
                      </deliveryPoint>
                      <city>
                        <gco:CharacterString>Bogor</gco:CharacterString>
                      </city>
                      <administrativeArea>
                        <gco:CharacterString>Jawa Barat</gco:CharacterString>
                      </administrativeArea>
                      <postalCode>
                        <gco:CharacterString>16911</gco:CharacterString>
                      </postalCode>
                      <country>
                        <Country codeList="http://www.iso.org/iso/country_codes/iso_3166_code_lists.htm" codeListValue="ID" codeSpace="ISO3166-1">ID</Country>
                      </country>
                      <electronicMailAddress>
                        <gco:CharacterString>info@big.go.id</gco:CharacterString>
                      </electronicMailAddress>
                    </CI_Address>
                  </address>
                </CI_Contact>
              </contactInfo>
              <role>
                <CI_RoleCode codeList="http://www.isotc211.org/2005/resources/Codelist/gmxCodelists.xml#CI_RoleCode" codeListValue="custodian" codeSpace="ISOTC211/19115">custodian</CI_RoleCode>
              </role>
            </CI_ResponsibleParty>
          </citedResponsibleParty>
          <presentationForm>
            <CI_PresentationFormCode codeList="http://www.isotc211.org/2005/resources/Codelist/gmxCodelists.xml#CI_PresentationFormCode" codeListValue="mapDigital" codeSpace="ISOTC211/19115">mapDigital</CI_PresentationFormCode>
          </presentationForm>
          <collectiveTitle>
            <gco:CharacterString>KUGI</gco:CharacterString>
          </collectiveTitle>
        </CI_Citation>
      </featureCatalogueCitation>
    </MD_FeatureCatalogueDescription>
  </contentInfo>
  <dataQualityInfo>
    <DQ_DataQuality>
      <scope>
        <DQ_Scope>
          <level>
            <MD_ScopeCode codeList="http://www.isotc211.org/2005/resources/Codelist/gmxCodelists.xml#MD_ScopeCode" codeListValue="dataset" codeSpace="ISOTC211/19115">dataset</MD_ScopeCode>
          </level>
        </DQ_Scope>
      </scope>
      <lineage>
        <LI_Lineage>
          <statement>
            <gco:CharacterString>1. Peta Rupabumi Indonesia Skala 1:25.000 Provinsi DI Yogyakarta merupakan peta dasar skala 1:25.000 yang dibuat secara swakelola oleh Pusat Pemetaan Rupabumi dan Toponim, Badan Informasi Geospasial. 2. Tahapan pekerjaan yang dilaksanakan pada tahun 2022 adalah tahapan Koordinasi, Perizinan dan Survei Pendahuluan, Rektifikasi dan Uji Akurasi DG Dasar, Pemutakhiran Unsur Rupabumi Indonesia Skala Menengah, Kegiatan Integrasi dan Penyelarasan, Kegiatan Kontrol Kualitas dan Uji Akurasi Unsur Rupabumi Indonesia Skala Menengah, Kegiatan Monitoring Pelaksanaan Pemutakhiran. 3. Sumber data yang digunakan adalah CSRT SPOT 6/7. 4. Data Batas Wilayah yang digunakan dalam Peta Rupabumi Indonesia ini merupakan data yang diperoleh dari Pusat Pemetaan Batas Wilayah, Badan Informasi Geospasial. 5. Data Garis Pantai yang digunakan dalam Peta Rupabumi Indonesia ini merupakan data yang diperoleh dari Pusat Pemetaan Kelautan dan Lingkungan Pantai, Badan Informasi Geospasial.</gco:CharacterString>
          </statement>
          <processStep>
            <LI_ProcessStep>
              <description>
                <gco:CharacterString>Koordinasi</gco:CharacterString>
              </description>
              <rationale>
                <gco:CharacterString>Kegiatan ini terdiri dari sinkronisasi dan koordinasi rencana kegiatan baik internal maupun eksternal, teknis dan non teknis, antara internal BIG dan juga dengan K/L/Pemda. Pemda yang dituju adalah wilayah prioritas yang merupakan pulau-pulau yang menjadi sasaran kegiatan Rencana Tata Ruang Kawasan Perbatasan Negara (RTR KPN) di Laut Lepas, Direktorat Perencanaan Tata Ruang Nasional serta untuk pemenuhan kebutuhan peta dasar termutakhir di ATR/BPN</gco:CharacterString>
              </rationale>
              <dateTime>
                <gco:DateTime>2022-03-31T00:00:00</gco:DateTime>
              </dateTime>
              <processor>
                <CI_ResponsibleParty>
                  <individualName>
                    <gco:CharacterString>Dr. Ade Komara Mulyana</gco:CharacterString>
                  </individualName>
                  <organisationName>
                    <gco:CharacterString>Badan Informasi Geospasial</gco:CharacterString>
                  </organisationName>
                  <positionName>
                    <gco:CharacterString>Kepala Pusat Pemetaan Rupabumi dan Toponim</gco:CharacterString>
                  </positionName>
                  <contactInfo>
                    <CI_Contact>
                      <phone>
                        <CI_Telephone>
                          <voice>
                            <gco:CharacterString>(021) 87901254</gco:CharacterString>
                          </voice>
                          <facsimile>
                            <gco:CharacterString>(021) 87901254</gco:CharacterString>
                          </facsimile>
                        </CI_Telephone>
                      </phone>
                      <address>
                        <CI_Address>
                          <deliveryPoint>
                            <gco:CharacterString>Jl. Raya Bogor KM. 46, Cibinong</gco:CharacterString>
                          </deliveryPoint>
                          <city>
                            <gco:CharacterString>Bogor</gco:CharacterString>
                          </city>
                          <administrativeArea>
                            <gco:CharacterString>Jawa Barat</gco:CharacterString>
                          </administrativeArea>
                          <postalCode>
                            <gco:CharacterString>16911</gco:CharacterString>
                          </postalCode>
                          <country>
                            <Country codeList="http://www.iso.org/iso/country_codes/iso_3166_code_lists.htm" codeListValue="ID" codeSpace="ISO3166-1">ID</Country>
                          </country>
                          <electronicMailAddress>
                            <gco:CharacterString>info@big.go.id</gco:CharacterString>
                          </electronicMailAddress>
                        </CI_Address>
                      </address>
                    </CI_Contact>
                  </contactInfo>
                  <role>
                    <CI_RoleCode codeList="http://www.isotc211.org/2005/resources/Codelist/gmxCodelists.xml#CI_RoleCode" codeListValue="owner" codeSpace="ISOTC211/19115">owner</CI_RoleCode>
                  </role>
                </CI_ResponsibleParty>
              </processor>
            </LI_ProcessStep>
          </processStep>
          <processStep>
            <LI_ProcessStep>
              <description>
                <gco:CharacterString>Perizinan dan Survei Pendahuluan</gco:CharacterString>
              </description>
              <rationale>
                <gco:CharacterString>Kegiatan ini bertujuan untuk memberitahukan kepada pemerintah daerah atau pemerintah provinsi tentang kegiatan pemutakhiran unsur rupabumi Indonesia skala menengah termutakhir di Pulau Sumatera serta permintaan dukungan informasi seperti data sekunder untuk mendukung kelancaran kegiatan pemutakhiran. Selain itu, kegiatan ini juga berisi kegiatan survei pendahuluan berupa pengecekan beberapa lokasi kegiatan untuk uji akurasi, penentuan lokasi akomodasi, dll.</gco:CharacterString>
              </rationale>
              <dateTime>
                <gco:DateTime>2022-09-01T00:00:00</gco:DateTime>
              </dateTime>
              <processor>
                <CI_ResponsibleParty>
                  <individualName>
                    <gco:CharacterString>Dr. Ade Komara Mulyana</gco:CharacterString>
                  </individualName>
                  <organisationName>
                    <gco:CharacterString>Badan Informasi Geospasial</gco:CharacterString>
                  </organisationName>
                  <positionName>
                    <gco:CharacterString>Kepala Pusat Pemetaan Rupabumi dan Toponim</gco:CharacterString>
                  </positionName>
                  <contactInfo>
                    <CI_Contact>
                      <phone>
                        <CI_Telephone>
                          <voice>
                            <gco:CharacterString>(021) 87901254</gco:CharacterString>
                          </voice>
                          <facsimile>
                            <gco:CharacterString>(021) 87901254</gco:CharacterString>
                          </facsimile>
                        </CI_Telephone>
                      </phone>
                      <address>
                        <CI_Address>
                          <deliveryPoint>
                            <gco:CharacterString>Jl. Raya Bogor KM. 46, Cibinong</gco:CharacterString>
                          </deliveryPoint>
                          <city>
                            <gco:CharacterString>Bogor</gco:CharacterString>
                          </city>
                          <administrativeArea>
                            <gco:CharacterString>Jawa Barat</gco:CharacterString>
                          </administrativeArea>
                          <postalCode>
                            <gco:CharacterString>16911</gco:CharacterString>
                          </postalCode>
                          <country>
                            <Country codeList="http://www.iso.org/iso/country_codes/iso_3166_code_lists.htm" codeListValue="ID" codeSpace="ISO3166-1">ID</Country>
                          </country>
                          <electronicMailAddress>
                            <gco:CharacterString>info@big.go.id</gco:CharacterString>
                          </electronicMailAddress>
                        </CI_Address>
                      </address>
                    </CI_Contact>
                  </contactInfo>
                  <role>
                    <CI_RoleCode codeList="http://www.isotc211.org/2005/resources/Codelist/gmxCodelists.xml#CI_RoleCode" codeListValue="owner" codeSpace="ISOTC211/19115">owner</CI_RoleCode>
                  </role>
                </CI_ResponsibleParty>
              </processor>
            </LI_ProcessStep>
          </processStep>
          <processStep>
            <LI_ProcessStep>
              <description>
                <gco:CharacterString>Kegiatan Kontrol Kualitas dan Uji Akurasi Unsur Rupabumi Indonesia Skala Menengah</gco:CharacterString>
              </description>
              <rationale>
                <gco:CharacterString>Kegiatan kontrol kualitas bertujuan untuk memastikan peta RBI yang dihasilkan memenuhi ketelitian yang tercantum dalam standar/spesifikasi yang digunakan. Kegiatan uji akurasi bertujuan untuk mendapatkan informasi akurasi peta dasar yang telah dimutakhirkan. Untuk kegiatan kontrol kualitas dan uji akurasi ini diperlukan peralatan penunjang pelaksanaan kegiatan berupa perangkat navigasi portable. Perangkat ini akan digunakan untuk mengambil titik koordinat di lapangan yang nantinya akan dibandingkan dengan titik koordinat yang ada di peta dasar yang telah dimutakhirkan.</gco:CharacterString>
              </rationale>
              <dateTime>
                <gco:DateTime>2022-09-13T00:00:00</gco:DateTime>
              </dateTime>
              <processor>
                <CI_ResponsibleParty>
                  <individualName>
                    <gco:CharacterString>Dr. Ade Komara Mulyana</gco:CharacterString>
                  </individualName>
                  <organisationName>
                    <gco:CharacterString>Badan Informasi Geospasial</gco:CharacterString>
                  </organisationName>
                  <positionName>
                    <gco:CharacterString>Kepala Pusat Pemetaan Rupabumi dan Toponim</gco:CharacterString>
                  </positionName>
                  <contactInfo>
                    <CI_Contact>
                      <phone>
                        <CI_Telephone>
                          <voice>
                            <gco:CharacterString>(021) 87901254</gco:CharacterString>
                          </voice>
                          <facsimile>
                            <gco:CharacterString>(021) 87901254</gco:CharacterString>
                          </facsimile>
                        </CI_Telephone>
                      </phone>
                      <address>
                        <CI_Address>
                          <deliveryPoint>
                            <gco:CharacterString>Jl. Raya Bogor KM. 46, Cibinong</gco:CharacterString>
                          </deliveryPoint>
                          <city>
                            <gco:CharacterString>Bogor</gco:CharacterString>
                          </city>
                          <administrativeArea>
                            <gco:CharacterString>Jawa Barat</gco:CharacterString>
                          </administrativeArea>
                          <postalCode>
                            <gco:CharacterString>16911</gco:CharacterString>
                          </postalCode>
                          <country>
                            <Country codeList="http://www.iso.org/iso/country_codes/iso_3166_code_lists.htm" codeListValue="ID" codeSpace="ISO3166-1">ID</Country>
                          </country>
                          <electronicMailAddress>
                            <gco:CharacterString>info@big.go.id</gco:CharacterString>
                          </electronicMailAddress>
                        </CI_Address>
                      </address>
                    </CI_Contact>
                  </contactInfo>
                  <role>
                    <CI_RoleCode codeList="http://www.isotc211.org/2005/resources/Codelist/gmxCodelists.xml#CI_RoleCode" codeListValue="owner" codeSpace="ISOTC211/19115">owner</CI_RoleCode>
                  </role>
                </CI_ResponsibleParty>
              </processor>
            </LI_ProcessStep>
          </processStep>
          <processStep>
            <LI_ProcessStep>
              <description>
                <gco:CharacterString>Kegiatan Pemutakhiran Unsur Rupabumi Indonesia Skala Menengah</gco:CharacterString>
              </description>
              <rationale>
                <gco:CharacterString>Tahapan pemutakhiran adalah tahapan dimana dilakukan updating dan ekstraksi data dari sumber data baru yaitu mosaik citra SPOT 6/7, yang telah dilakukan rektifikasi, ke dalam data vektor yang menggambarkan unsur rupabumi. Data masukan utama yang digunakan adalah data vektor RBI KSP skala menengah, skala 1 : 25.000 untuk Provinsi Bali, mosaik citra SPOT 6/7 (tahun akuisisi 2018, 2019 dan 2020), data hasil fasilitasi pembinaan dari kedeputian IGT, data RTRW dan RDTR hasil kompilasi oleh Pemerintah Daerah, data nama rupabumi hasil kompilasi pada Pokja Toponim dan VIGP, data batas wilayah serta garis pantai terbaru. Unsur peta RBI skala menengah yang akan dimutakhirkan dibatasi pada unsur (1) transportasi dan utilitas, (2) bangunan dan fasilitas umum (pemukiman), (3) penutup lahan, dan (4) perairan (hidrografi). Hasil akhir yang ditargetkan adalah unsur peta dasar termutakhir dalam dua dimensi (2D), karena tidak dilakukan pemutakhiran hipsografi.</gco:CharacterString>
              </rationale>
              <dateTime>
                <gco:DateTime>2022-12-02T00:00:00</gco:DateTime>
              </dateTime>
              <processor>
                <CI_ResponsibleParty>
                  <individualName>
                    <gco:CharacterString>Dr. Ade Komara Mulyana</gco:CharacterString>
                  </individualName>
                  <organisationName>
                    <gco:CharacterString>Badan Informasi Geospasial</gco:CharacterString>
                  </organisationName>
                  <positionName>
                    <gco:CharacterString>Kepala Pusat Pemetaan Rupabumi dan Toponim</gco:CharacterString>
                  </positionName>
                  <contactInfo>
                    <CI_Contact>
                      <phone>
                        <CI_Telephone>
                          <voice>
                            <gco:CharacterString>(021) 87901254</gco:CharacterString>
                          </voice>
                          <facsimile>
                            <gco:CharacterString>(021) 87901254</gco:CharacterString>
                          </facsimile>
                        </CI_Telephone>
                      </phone>
                      <address>
                        <CI_Address>
                          <deliveryPoint>
                            <gco:CharacterString>Jl. Raya Bogor KM. 46, Cibinong</gco:CharacterString>
                          </deliveryPoint>
                          <city>
                            <gco:CharacterString>Bogor</gco:CharacterString>
                          </city>
                          <administrativeArea>
                            <gco:CharacterString>Jawa Barat</gco:CharacterString>
                          </administrativeArea>
                          <postalCode>
                            <gco:CharacterString>16911</gco:CharacterString>
                          </postalCode>
                          <country>
                            <Country codeList="http://www.iso.org/iso/country_codes/iso_3166_code_lists.htm" codeListValue="ID" codeSpace="ISO3166-1">ID</Country>
                          </country>
                          <electronicMailAddress>
                            <gco:CharacterString>info@big.go.id</gco:CharacterString>
                          </electronicMailAddress>
                        </CI_Address>
                      </address>
                    </CI_Contact>
                  </contactInfo>
                  <role>
                    <CI_RoleCode codeList="http://www.isotc211.org/2005/resources/Codelist/gmxCodelists.xml#CI_RoleCode" codeListValue="owner" codeSpace="ISOTC211/19115">owner</CI_RoleCode>
                  </role>
                </CI_ResponsibleParty>
              </processor>
            </LI_ProcessStep>
          </processStep>
          <processStep>
            <LI_ProcessStep>
              <description>
                <gco:CharacterString>Kegiatan Integrasi dan Penyelarasan</gco:CharacterString>
              </description>
              <rationale>
                <gco:CharacterString>Kegiatan Integrasi merupakan kegiatan mengintegrasikan data-data parsial hasil pemutakhiran dengan data-data yang diperoleh dari unit teknis lain seperti data garis pantai, data batas wilayah, dan data toponim. Dalam kegiatan ini juga dilakukan kegiatan penyelarasan data untuk menjamin kesesuaian geometrik dan atribut unsur rupabumi, pembuatan metadata, serta pengecekan ulang topologi sesuai dengan ketentuan.</gco:CharacterString>
              </rationale>
              <dateTime>
                <gco:DateTime>2022-12-16T00:00:00</gco:DateTime>
              </dateTime>
              <processor>
                <CI_ResponsibleParty>
                  <individualName>
                    <gco:CharacterString>Dr. Ade Komara Mulyana</gco:CharacterString>
                  </individualName>
                  <organisationName>
                    <gco:CharacterString>Badan Informasi Geospasial</gco:CharacterString>
                  </organisationName>
                  <positionName>
                    <gco:CharacterString>Kepala Pusat Pemetaan Rupabumi dan Toponim</gco:CharacterString>
                  </positionName>
                  <contactInfo>
                    <CI_Contact>
                      <phone>
                        <CI_Telephone>
                          <voice>
                            <gco:CharacterString>(021) 87901254</gco:CharacterString>
                          </voice>
                          <facsimile>
                            <gco:CharacterString>(021) 87901254</gco:CharacterString>
                          </facsimile>
                        </CI_Telephone>
                      </phone>
                      <address>
                        <CI_Address>
                          <deliveryPoint>
                            <gco:CharacterString>Jl. Raya Bogor KM. 46, Cibinong</gco:CharacterString>
                          </deliveryPoint>
                          <city>
                            <gco:CharacterString>Bogor</gco:CharacterString>
                          </city>
                          <administrativeArea>
                            <gco:CharacterString>Jawa Barat</gco:CharacterString>
                          </administrativeArea>
                          <postalCode>
                            <gco:CharacterString>16911</gco:CharacterString>
                          </postalCode>
                          <country>
                            <Country codeList="http://www.iso.org/iso/country_codes/iso_3166_code_lists.htm" codeListValue="ID" codeSpace="ISO3166-1">ID</Country>
                          </country>
                          <electronicMailAddress>
                            <gco:CharacterString>info@big.go.id</gco:CharacterString>
                          </electronicMailAddress>
                        </CI_Address>
                      </address>
                    </CI_Contact>
                  </contactInfo>
                  <role>
                    <CI_RoleCode codeList="http://www.isotc211.org/2005/resources/Codelist/gmxCodelists.xml#CI_RoleCode" codeListValue="owner" codeSpace="ISOTC211/19115">owner</CI_RoleCode>
                  </role>
                </CI_ResponsibleParty>
              </processor>
            </LI_ProcessStep>
          </processStep>
          <processStep>
            <LI_ProcessStep>
              <description>
                <gco:CharacterString>Kegiatan Monitoring Pelaksanaan Pemutakhiran</gco:CharacterString>
              </description>
              <rationale>
                <gco:CharacterString>Kegiatan monitoring ini bertujuan untuk memastikan bahwa kegiatan berjalan sesuai dengan kerangka acuan pekerjaan dan memenuhi standar pelaksanaan pekerjaan, sehingga diharapkan data yang dihasilkan akan sesuai dengan spesifikasi yang ditentukan.</gco:CharacterString>
              </rationale>
              <dateTime>
                <gco:DateTime>2022-12-30T00:00:00</gco:DateTime>
              </dateTime>
              <processor>
                <CI_ResponsibleParty>
                  <individualName>
                    <gco:CharacterString>Dr. Ade Komara Mulyana</gco:CharacterString>
                  </individualName>
                  <organisationName>
                    <gco:CharacterString>Badan Informasi Geospasial</gco:CharacterString>
                  </organisationName>
                  <positionName>
                    <gco:CharacterString>Kepala Pusat Pemetaan Rupabumi dan Toponim</gco:CharacterString>
                  </positionName>
                  <contactInfo>
                    <CI_Contact>
                      <phone>
                        <CI_Telephone>
                          <voice>
                            <gco:CharacterString>(021) 87901254</gco:CharacterString>
                          </voice>
                          <facsimile>
                            <gco:CharacterString>(021) 87901254</gco:CharacterString>
                          </facsimile>
                        </CI_Telephone>
                      </phone>
                      <address>
                        <CI_Address>
                          <deliveryPoint>
                            <gco:CharacterString>Jl. Raya Bogor KM. 46, Cibinong</gco:CharacterString>
                          </deliveryPoint>
                          <city>
                            <gco:CharacterString>Bogor</gco:CharacterString>
                          </city>
                          <administrativeArea>
                            <gco:CharacterString>Jawa Barat</gco:CharacterString>
                          </administrativeArea>
                          <postalCode>
                            <gco:CharacterString>16911</gco:CharacterString>
                          </postalCode>
                          <country>
                            <Country codeList="http://www.iso.org/iso/country_codes/iso_3166_code_lists.htm" codeListValue="ID" codeSpace="ISO3166-1">ID</Country>
                          </country>
                          <electronicMailAddress>
                            <gco:CharacterString>info@big.go.id</gco:CharacterString>
                          </electronicMailAddress>
                        </CI_Address>
                      </address>
                    </CI_Contact>
                  </contactInfo>
                  <role>
                    <CI_RoleCode codeList="http://www.isotc211.org/2005/resources/Codelist/gmxCodelists.xml#CI_RoleCode" codeListValue="owner" codeSpace="ISOTC211/19115">owner</CI_RoleCode>
                  </role>
                </CI_ResponsibleParty>
              </processor>
            </LI_ProcessStep>
          </processStep>
          <source>
            <LI_Source>
              <description>
                <gco:CharacterString>1. Sumber data yang digunakan adalah CSRT SPOT 6/7. 2. Data Batas Wilayah yang digunakan dalam Peta Rupabumi Indonesia ini merupakan data yang diperoleh dari Pusat Pemetaan Batas Wilayah, Badan Informasi Geospasial. 3. Data Garis Pantai yang digunakan dalam Peta Rupabumi Indonesia ini merupakan data yang diperoleh dari Pusat Pemetaan Kelautan dan Lingkungan Pantai, Badan Informasi Geospasial.</gco:CharacterString>
              </description>
              <scaleDenominator>
                <MD_RepresentativeFraction>
                  <denominator>
                    <gco:Integer>25000</gco:Integer>
                  </denominator>
                </MD_RepresentativeFraction>
              </scaleDenominator>
            </LI_Source>
          </source>
        </LI_Lineage>
      </lineage>
    </DQ_DataQuality>
  </dataQualityInfo>
  <metadataMaintenance>
    <MD_MaintenanceInformation>
      <maintenanceAndUpdateFrequency>
        <MD_MaintenanceFrequencyCode codeList="http://www.isotc211.org/2005/resources/Codelist/gmxCodelists.xml#MD_MaintenanceFrequencyCode" codeListValue="asNeeded" codeSpace="ISOTC211/19115">asNeeded</MD_MaintenanceFrequencyCode>
      </maintenanceAndUpdateFrequency>
    </MD_MaintenanceInformation>
  </metadataMaintenance>
</MD_Metadata>