﻿<MD_Metadata xmlns="http://www.isotc211.org/2005/gmd" xmlns:gco="http://www.isotc211.org/2005/gco" xmlns:gts="http://www.isotc211.org/2005/gts" xmlns:srv="http://www.isotc211.org/2005/srv" xmlns:gml="http://www.opengis.net/gml/3.2" xmlns:xlink="http://www.w3.org/1999/xlink" xmlns:xsi="http://www.w3.org/2001/XMLSchema-instance">
  <fileIdentifier>
    <gco:CharacterString>TASWIL5000020230907KABKOTA</gco:CharacterString>
  </fileIdentifier>
  <language>
    <LanguageCode codeList="http://www.loc.gov/standards/iso639-2/php/code_list.php" codeListValue="ind" codeSpace="ISO639-2">ind</LanguageCode>
  </language>
  <characterSet>
    <MD_CharacterSetCode codeList="http://www.isotc211.org/2005/resources/Codelist/gmxCodelists.xml#MD_CharacterSetCode" codeListValue="utf8" codeSpace="ISOTC211/19115">utf8</MD_CharacterSetCode>
  </characterSet>
  <hierarchyLevel>
    <MD_ScopeCode codeList="http://www.isotc211.org/2005/resources/Codelist/gmxCodelists.xml#MD_ScopeCode" codeListValue="dataset" codeSpace="ISOTC211/19115">dataset</MD_ScopeCode>
  </hierarchyLevel>
  <hierarchyLevelName>
    <gco:CharacterString>dataset</gco:CharacterString>
  </hierarchyLevelName>
  <contact>
    <CI_ResponsibleParty>
      <individualName>
        <gco:CharacterString>Astrit Rimayanti</gco:CharacterString>
      </individualName>
      <organisationName>
        <gco:CharacterString>Pusat Pemetaan Batas Wilayah</gco:CharacterString>
      </organisationName>
      <positionName>
        <gco:CharacterString>Kepala Pusat Pemetaan Batas Wilayah</gco:CharacterString>
      </positionName>
      <role>
        <CI_RoleCode codeList="http://www.isotc211.org/2005/resources/Codelist/gmxCodelists.xml#CI_RoleCode" codeListValue="author" codeSpace="ISOTC211/19115">author</CI_RoleCode>
      </role>
    </CI_ResponsibleParty>
  </contact>
  <dateStamp>
    <gco:Date>2023-09-07</gco:Date>
  </dateStamp>
  <metadataStandardName>
    <gco:CharacterString>ISO 19139 Geographic Information - Metadata - Implementation Specification</gco:CharacterString>
  </metadataStandardName>
  <metadataStandardVersion>
    <gco:CharacterString>2007</gco:CharacterString>
  </metadataStandardVersion>
  <spatialRepresentationInfo>
    <MD_VectorSpatialRepresentation>
      <topologyLevel>
        <MD_TopologyLevelCode codeList="http://www.isotc211.org/2005/resources/Codelist/gmxCodelists.xml#MD_TopologyLevelCode" codeListValue="geometryOnly" codeSpace="ISOTC211/19115">geometryOnly</MD_TopologyLevelCode>
      </topologyLevel>
      <geometricObjects>
        <MD_GeometricObjects>
          <geometricObjectType>
            <MD_GeometricObjectTypeCode codeList="http://www.isotc211.org/2005/resources/Codelist/gmxCodelists.xml#MD_GeometricObjectTypeCode" codeListValue="composite" codeSpace="ISOTC211/19115">composite</MD_GeometricObjectTypeCode>
          </geometricObjectType>
          <geometricObjectCount>
            <gco:Integer>548</gco:Integer>
          </geometricObjectCount>
        </MD_GeometricObjects>
      </geometricObjects>
    </MD_VectorSpatialRepresentation>
  </spatialRepresentationInfo>
  <referenceSystemInfo>
    <MD_ReferenceSystem>
      <referenceSystemIdentifier>
        <RS_Identifier>
          <code>
            <gco:CharacterString>EPSG 4326</gco:CharacterString>
          </code>
          <codeSpace>
            <gco:CharacterString>EPSG</gco:CharacterString>
          </codeSpace>
          <version>
            <gco:CharacterString>6.14(3.0.1)</gco:CharacterString>
          </version>
        </RS_Identifier>
      </referenceSystemIdentifier>
    </MD_ReferenceSystem>
  </referenceSystemInfo>
  <identificationInfo>
    <MD_DataIdentification>
      <citation>
        <CI_Citation>
          <title>
            <gco:CharacterString>ADMINSITRASI_AR_KABKOTA</gco:CharacterString>
          </title>
          <date>
            <CI_Date>
              <date>
                <gco:Date>2023-09-07</gco:Date>
              </date>
              <dateType>
                <CI_DateTypeCode codeList="http://www.isotc211.org/2005/resources/Codelist/gmxCodelists.xml#CI_DateTypeCode" codeListValue="revision" codeSpace="ISOTC211/19115">revision</CI_DateTypeCode>
              </dateType>
            </CI_Date>
          </date>
          <edition>
            <gco:CharacterString>Edisi Tahun 2023</gco:CharacterString>
          </edition>
          <editionDate>
            <gco:Date>2023-09-07</gco:Date>
          </editionDate>
          <citedResponsibleParty>
            <CI_ResponsibleParty>
              <individualName>
                <gco:CharacterString>Astrit Rimayanti</gco:CharacterString>
              </individualName>
              <organisationName>
                <gco:CharacterString>Pusat Pemetaan Batas Wilayah</gco:CharacterString>
              </organisationName>
              <positionName>
                <gco:CharacterString>Kepala Pusat Pemetaan Batas Wilayah</gco:CharacterString>
              </positionName>
              <role>
                <CI_RoleCode codeList="http://www.isotc211.org/2005/resources/Codelist/gmxCodelists.xml#CI_RoleCode" codeListValue="resourceProvider" codeSpace="ISOTC211/19115">resourceProvider</CI_RoleCode>
              </role>
            </CI_ResponsibleParty>
          </citedResponsibleParty>
          <presentationForm>
            <CI_PresentationFormCode codeList="http://www.isotc211.org/2005/resources/Codelist/gmxCodelists.xml#CI_PresentationFormCode" codeListValue="mapDigital" codeSpace="ISOTC211/19115">mapDigital</CI_PresentationFormCode>
          </presentationForm>
        </CI_Citation>
      </citation>
      <abstract>
        <gco:CharacterString>Geodatabase data batas wilayah administrasi kabupaten/kota edisi September 2023 (merupakan pemutakhiran dari geodatabase batas wilayah administrasi kabupaten/kota bulan Desember tahun 2022. Proses pemutakhiran yang dilakukan antara lain pemutakhiran segmen batas daerah hasil kesepakatan dan yang telah ditetapkan melalui Permendagri, penyesuaian alokasi wilayah administrasi di wilayah Papua, penyesuaian alokasi pulau dan wilayah terapung.Sumber data yang digunakan untuk fitur area batas wilayah administrasi antara lain:(1) Data batas wilayah provinsi dan kabupaten/kota yang belum ditegaskan dari data peta Rupabumi Indonesia skala 1:25.000 dan 1:50.000; (2) Data batas wilayah administrasi kabupaten/kota yang belum ditegaskan hasil kegiatan ajudikasi batas kabupaten/kota tahun 2013 dan 2014; (3) Data batas daerah hasil kesepakatan yang bersumber dari data digital Kemendagri edisi April 2023 untuk wilayah Sumatera, Kalimantan, Jawa, Bali Nusa Tenggara, Maluku, dan Papua; (4) Data batas daerah yang telah ditetapkan dalam Peraturan Menteri Dalam Negeri.Sumber data yang digunakan untuk fitur wilayah administrasi antara lain: (1) Unsur batas wilayah administrasi kabupaten/kota (ADMINISTRASI_LN); (2) IGD Garis Pantai dari Pusat Pemetaan Kelautan dan Lingkungan Pantai edisi Tahun 2022, yang merupakan pemutakhiran garis pantai penetapan tahun 2021; (3) Data batas negara edisi Agustus 2018. Data ini masih terdapat kesalahan topologi pada fitur ADMINISTRASI_LN yang disebabkan oleh garis batas wilayah yang telah ditetapkan dalam Permendagri masih ada yang saling berpotongan dan ujung batasnya masih menggantung atau belum terhubung dengan ujung batas lainnya.</gco:CharacterString>
      </abstract>
      <pointOfContact>
        <CI_ResponsibleParty>
          <individualName>
            <gco:CharacterString>Astrit Rimayanti</gco:CharacterString>
          </individualName>
          <organisationName>
            <gco:CharacterString>Pusat Pemetaan Batas Wilayah</gco:CharacterString>
          </organisationName>
          <positionName>
            <gco:CharacterString>Kepala Pusat Pemetaan Batas Wilayah</gco:CharacterString>
          </positionName>
          <role>
            <CI_RoleCode codeList="http://www.isotc211.org/2005/resources/Codelist/gmxCodelists.xml#CI_RoleCode" codeListValue="resourceProvider" codeSpace="ISOTC211/19115">resourceProvider</CI_RoleCode>
          </role>
        </CI_ResponsibleParty>
      </pointOfContact>
      <resourceMaintenance>
        <MD_MaintenanceInformation>
          <maintenanceAndUpdateFrequency>
            <MD_MaintenanceFrequencyCode codeList="http://www.isotc211.org/2005/resources/Codelist/gmxCodelists.xml#MD_MaintenanceFrequencyCode" codeListValue="annually" codeSpace="ISOTC211/19115">annually</MD_MaintenanceFrequencyCode>
          </maintenanceAndUpdateFrequency>
          <updateScope>
            <MD_ScopeCode codeList="http://www.isotc211.org/2005/resources/Codelist/gmxCodelists.xml#MD_ScopeCode" codeListValue="attribute" codeSpace="ISOTC211/19115">attribute</MD_ScopeCode>
          </updateScope>
          <updateScope>
            <MD_ScopeCode codeList="http://www.isotc211.org/2005/resources/Codelist/gmxCodelists.xml#MD_ScopeCode" codeListValue="feature" codeSpace="ISOTC211/19115">feature</MD_ScopeCode>
          </updateScope>
        </MD_MaintenanceInformation>
      </resourceMaintenance>
      <descriptiveKeywords>
        <MD_Keywords>
          <keyword>
            <gco:CharacterString>Wilayah Administrasi Kabupaten/Kota Indonesia</gco:CharacterString>
          </keyword>
        </MD_Keywords>
      </descriptiveKeywords>
      <descriptiveKeywords>
        <MD_Keywords>
          <keyword>
            <gco:CharacterString>Downloadable Data</gco:CharacterString>
          </keyword>
          <thesaurusName uuidref="723f6998-058e-11dc-8314-0800200c9a66" />
        </MD_Keywords>
      </descriptiveKeywords>
      <resourceConstraints>
        <MD_Constraints>
          <useLimitation>
            <gco:CharacterString>Data batas yang berstatus indikatif tidak dapat dijadikan referensi hukum.</gco:CharacterString>
          </useLimitation>
        </MD_Constraints>
      </resourceConstraints>
      <spatialRepresentationType>
        <MD_SpatialRepresentationTypeCode codeList="http://www.isotc211.org/2005/resources/Codelist/gmxCodelists.xml#MD_SpatialRepresentationTypeCode" codeListValue="vector" codeSpace="ISOTC211/19115">vector</MD_SpatialRepresentationTypeCode>
      </spatialRepresentationType>
      <spatialResolution>
        <MD_Resolution>
          <equivalentScale>
            <MD_RepresentativeFraction>
              <denominator>
                <gco:Integer>50000</gco:Integer>
              </denominator>
            </MD_RepresentativeFraction>
          </equivalentScale>
        </MD_Resolution>
      </spatialResolution>
      <language>
        <LanguageCode codeList="http://www.loc.gov/standards/iso639-2/php/code_list.php" codeListValue="ind" codeSpace="ISO639-2">ind</LanguageCode>
      </language>
      <characterSet>
        <MD_CharacterSetCode codeList="http://www.isotc211.org/2005/resources/Codelist/gmxCodelists.xml#MD_CharacterSetCode" codeListValue="utf8" codeSpace="ISOTC211/19115">utf8</MD_CharacterSetCode>
      </characterSet>
      <topicCategory>
        <MD_TopicCategoryCode>boundaries</MD_TopicCategoryCode>
      </topicCategory>
      <environmentDescription>
        <gco:CharacterString> Version 6.2 (Build 9200) ; Esri ArcGIS 10.8.1.14362</gco:CharacterString>
      </environmentDescription>
      <extent>
        <EX_Extent>
          <geographicElement>
            <EX_GeographicBoundingBox>
              <extentTypeCode>
                <gco:Boolean>true</gco:Boolean>
              </extentTypeCode>
              <westBoundLongitude>
                <gco:Decimal>94.971911</gco:Decimal>
              </westBoundLongitude>
              <eastBoundLongitude>
                <gco:Decimal>141.020042</gco:Decimal>
              </eastBoundLongitude>
              <southBoundLatitude>
                <gco:Decimal>-11.007615</gco:Decimal>
              </southBoundLatitude>
              <northBoundLatitude>
                <gco:Decimal>6.076832</gco:Decimal>
              </northBoundLatitude>
            </EX_GeographicBoundingBox>
          </geographicElement>
          <verticalElement>
            <EX_VerticalExtent>
              <minimumValue>
                <gco:Real>0</gco:Real>
              </minimumValue>
              <maximumValue>
                <gco:Real>0</gco:Real>
              </maximumValue>
              <verticalCRS gco:nilReason="other:see_referenceSystemInfo" />
            </EX_VerticalExtent>
          </verticalElement>
        </EX_Extent>
      </extent>
    </MD_DataIdentification>
  </identificationInfo>
  <contentInfo>
    <MD_FeatureCatalogueDescription>
      <complianceCode>
        <gco:Boolean>true</gco:Boolean>
      </complianceCode>
      <language>
        <LanguageCode codeList="http://www.loc.gov/standards/iso639-2/php/code_list.php" codeListValue="ind" codeSpace="ISO639-2">ind</LanguageCode>
      </language>
      <includedWithDataset>
        <gco:Boolean>true</gco:Boolean>
      </includedWithDataset>
      <featureCatalogueCitation>
        <CI_Citation>
          <title>
            <gco:CharacterString>Batas Wilayah Administrasi Kabupaten/Kota Indonesia</gco:CharacterString>
          </title>
          <date>
            <CI_Date>
              <date>
                <gco:Date>2023-09-07</gco:Date>
              </date>
              <dateType>
                <CI_DateTypeCode codeList="http://www.isotc211.org/2005/resources/Codelist/gmxCodelists.xml#CI_DateTypeCode" codeListValue="revision" codeSpace="ISOTC211/19115">revision</CI_DateTypeCode>
              </dateType>
            </CI_Date>
          </date>
          <edition>
            <gco:CharacterString>Edisi Tahun 2023</gco:CharacterString>
          </edition>
          <editionDate>
            <gco:Date>2023-09-07</gco:Date>
          </editionDate>
        </CI_Citation>
      </featureCatalogueCitation>
    </MD_FeatureCatalogueDescription>
  </contentInfo>
  <distributionInfo>
    <MD_Distribution>
      <distributionFormat>
        <MD_Format>
          <name>
            <gco:CharacterString>File Geodatabase Feature Class</gco:CharacterString>
          </name>
          <version>
            <gco:CharacterString>1</gco:CharacterString>
          </version>
        </MD_Format>
      </distributionFormat>
    </MD_Distribution>
  </distributionInfo>
  <dataQualityInfo>
    <DQ_DataQuality>
      <scope>
        <DQ_Scope>
          <level>
            <MD_ScopeCode codeList="http://www.isotc211.org/2005/resources/Codelist/gmxCodelists.xml#MD_ScopeCode" codeListValue="dataset" codeSpace="ISOTC211/19115">dataset</MD_ScopeCode>
          </level>
        </DQ_Scope>
      </scope>
      <lineage>
        <LI_Lineage>
          <statement>
            <gco:CharacterString>Data ini merupakan kompilasi batas wilayah administrasi kabupaten/kota dari berbagai sumber data.</gco:CharacterString>
          </statement>
          <processStep>
            <LI_ProcessStep>
              <description>
                <gco:CharacterString>Geodatabase data batas wilayah administrasi kabupaten/kota edisi September 2023 merupakan pemutakhiran geodatabase batas wilayah administrasi kabupaten/kota edisi Desember tahun 2022. Proses pemutakhiran yang dilakukan antara lain pembaharuan data batas daerah yang telah ditetapkan dalam Peraturan Menteri Dalam Negeri hingga tahun 2022, hasil kesepakatan hingga April 2023, dan pemutakhiran garis pantai edisi tahun 2022, penyesuaian alokasi wilayah administrasi pulau dan wilayah terapung.</gco:CharacterString>
              </description>
            </LI_ProcessStep>
          </processStep>
          <source>
            <LI_Source>
              <description>
                <gco:CharacterString>Sumber data yang digunakan untuk fitur garis batas wilayah administrasi antara lain:(1) Data batas wilayah provinsi dan kabupaten/kota yang belum ditegaskan dari data peta Rupabumi Indonesia skala 1:25.000 dan 1:50.000; (2) Data batas wilayah administrasi kabupaten/kota yang belum ditegaskan hasil kegiatan ajudikasi batas kabupaten/kota tahun 2013 dan 2014; (3) Data batas daerah hasil kesepakatan yang bersumber dari data digital Kemendagri edisi April 2023 untuk wilayah Sumatera, Kalimantan, Jawa, Bali Nusa Tenggara, Maluku, dan Papua; (4) Data batas daerah yang telah ditetapkan dalam Peraturan Menteri Dalam Negeri.

Sumber data yang digunakan untuk fitur wilayah administrasi antara lain: (1) Unsur batas wilayah administrasi kabupaten/kota (ADMINISTRASI_LN); (2) IGD Garis Pantai dari Pusat Pemetaan Kelautan dan Lingkungan Pantai edisi Tahun 2022, yang merupakan pemutakhiran garis pantai penetapan tahun 2021; (3) Data batas negara edisi Agustus 2018.

Sumber data untuk alokasi wilayah administrasi pulau antara lain: - Kepmendagri 100.1.1-6117 tahun 2022 tentang Pemberian dan Pemutakhiran Kode, Data Wilayah Administrasi Pemerintahan dan Pulau Tahun 2022.</gco:CharacterString>
              </description>
            </LI_Source>
          </source>
        </LI_Lineage>
      </lineage>
    </DQ_DataQuality>
  </dataQualityInfo>
  <applicationSchemaInfo>
    <MD_ApplicationSchemaInformation>
      <name gco:nilReason="missing" />
      <schemaLanguage>
        <gco:CharacterString>xml</gco:CharacterString>
      </schemaLanguage>
      <constraintLanguage gco:nilReason="missing" />
    </MD_ApplicationSchemaInformation>
  </applicationSchemaInfo>
  <metadataMaintenance>
    <MD_MaintenanceInformation>
      <maintenanceAndUpdateFrequency>
        <MD_MaintenanceFrequencyCode codeList="http://www.isotc211.org/2005/resources/Codelist/gmxCodelists.xml#MD_MaintenanceFrequencyCode" codeListValue="annually" codeSpace="ISOTC211/19115">annually</MD_MaintenanceFrequencyCode>
      </maintenanceAndUpdateFrequency>
      <updateScope>
        <MD_ScopeCode codeList="http://www.isotc211.org/2005/resources/Codelist/gmxCodelists.xml#MD_ScopeCode" codeListValue="attribute" codeSpace="ISOTC211/19115">attribute</MD_ScopeCode>
      </updateScope>
      <updateScope>
        <MD_ScopeCode codeList="http://www.isotc211.org/2005/resources/Codelist/gmxCodelists.xml#MD_ScopeCode" codeListValue="feature" codeSpace="ISOTC211/19115">feature</MD_ScopeCode>
      </updateScope>
    </MD_MaintenanceInformation>
  </metadataMaintenance>
</MD_Metadata>